Count,ID
514.0,2013040100
514.0,2013040101
514.0,2013040102
514.0,2013040103
514.0,2013040104
514.0,2013040105
514.0,2013040106
514.0,2013040107
514.0,2013040108
514.0,2013040109
514.0,2013040110
514.0,2013040111
514.0,2013040112
514.0,2013040113
514.0,2013040114
514.0,2013040115
514.0,2013040116
514.0,2013040117
514.0,2013040118
514.0,2013040119
514.0,2013040120
514.0,2013040121
514.0,2013040122
514.0,2013040123
514.0,2013040200
514.0,2013040201
514.0,2013040202
514.0,2013040203
514.0,2013040204
514.0,2013040205
514.0,2013040206
514.0,2013040207
514.0,2013040208
514.0,2013040209
514.0,2013040210
514.0,2013040211
514.0,2013040212
514.0,2013040213
514.0,2013040214
514.0,2013040215
514.0,2013040216
514.0,2013040217
514.0,2013040218
514.0,2013040219
514.0,2013040220
514.0,2013040221
514.0,2013040222
514.0,2013040223
514.0,2013040300
514.0,2013040301
514.0,2013040302
514.0,2013040303
514.0,2013040304
514.0,2013040305
514.0,2013040306
514.0,2013040307
514.0,2013040308
514.0,2013040309
514.0,2013040310
514.0,2013040311
514.0,2013040312
514.0,2013040313
514.0,2013040314
514.0,2013040315
514.0,2013040316
514.0,2013040317
514.0,2013040318
514.0,2013040319
514.0,2013040320
514.0,2013040321
514.0,2013040322
514.0,2013040323
514.0,2013040400
514.0,2013040401
514.0,2013040402
514.0,2013040403
514.0,2013040404
514.0,2013040405
514.0,2013040406
514.0,2013040407
514.0,2013040408
514.0,2013040409
514.0,2013040410
514.0,2013040411
514.0,2013040412
514.0,2013040413
514.0,2013040414
514.0,2013040415
514.0,2013040416
514.0,2013040417
514.0,2013040418
514.0,2013040419
514.0,2013040420
514.0,2013040421
514.0,2013040422
514.0,2013040423
514.0,2013040500
514.0,2013040501
514.0,2013040502
514.0,2013040503
514.0,2013040504
514.0,2013040505
514.0,2013040506
514.0,2013040507
514.0,2013040508
514.0,2013040509
514.0,2013040510
514.0,2013040511
514.0,2013040512
514.0,2013040513
514.0,2013040514
514.0,2013040515
514.0,2013040516
514.0,2013040517
514.0,2013040518
514.0,2013040519
514.0,2013040520
514.0,2013040521
514.0,2013040522
514.0,2013040523
514.0,2013040600
514.0,2013040601
514.0,2013040602
514.0,2013040603
514.0,2013040604
514.0,2013040605
514.0,2013040606
514.0,2013040607
514.0,2013040608
514.0,2013040609
514.0,2013040610
514.0,2013040611
514.0,2013040612
514.0,2013040613
514.0,2013040614
514.0,2013040615
514.0,2013040616
514.0,2013040617
514.0,2013040618
514.0,2013040619
514.0,2013040620
514.0,2013040621
514.0,2013040622
514.0,2013040623
514.0,2013040700
514.0,2013040701
514.0,2013040702
514.0,2013040703
514.0,2013040704
514.0,2013040705
514.0,2013040706
514.0,2013040707
514.0,2013040708
514.0,2013040709
514.0,2013040710
514.0,2013040711
514.0,2013040712
514.0,2013040713
514.0,2013040714
514.0,2013040715
514.0,2013040716
514.0,2013040717
514.0,2013040718
514.0,2013040719
514.0,2013040720
514.0,2013040721
514.0,2013040722
514.0,2013040723
514.0,2013040800
514.0,2013040801
514.0,2013040802
514.0,2013040803
514.0,2013040804
514.0,2013040805
514.0,2013040806
514.0,2013040807
514.0,2013040808
514.0,2013040809
514.0,2013040810
514.0,2013040811
514.0,2013040812
514.0,2013040813
514.0,2013040814
514.0,2013040815
514.0,2013040816
514.0,2013040817
514.0,2013040818
514.0,2013040819
514.0,2013040820
514.0,2013040821
514.0,2013040822
514.0,2013040823
514.0,2013040900
514.0,2013040901
514.0,2013040902
514.0,2013040903
514.0,2013040904
514.0,2013040905
514.0,2013040906
514.0,2013040907
514.0,2013040908
514.0,2013040909
514.0,2013040910
514.0,2013040911
514.0,2013040912
514.0,2013040913
514.0,2013040914
514.0,2013040915
514.0,2013040916
514.0,2013040917
514.0,2013040918
514.0,2013040919
514.0,2013040920
514.0,2013040921
514.0,2013040922
514.0,2013040923
514.0,2013041000
514.0,2013041001
514.0,2013041002
514.0,2013041003
514.0,2013041004
514.0,2013041005
514.0,2013041006
514.0,2013041007
514.0,2013041008
514.0,2013041009
514.0,2013041010
514.0,2013041011
514.0,2013041012
514.0,2013041013
514.0,2013041014
514.0,2013041015
514.0,2013041016
514.0,2013041017
514.0,2013041018
514.0,2013041019
514.0,2013041020
514.0,2013041021
514.0,2013041022
514.0,2013041023
514.0,2013041100
514.0,2013041101
514.0,2013041102
514.0,2013041103
514.0,2013041104
514.0,2013041105
514.0,2013041106
514.0,2013041107
514.0,2013041108
514.0,2013041109
514.0,2013041110
514.0,2013041111
514.0,2013041112
514.0,2013041113
514.0,2013041114
514.0,2013041115
514.0,2013041116
514.0,2013041117
514.0,2013041118
514.0,2013041119
514.0,2013041120
514.0,2013041121
514.0,2013041122
514.0,2013041123
514.0,2013041200
514.0,2013041201
514.0,2013041202
514.0,2013041203
514.0,2013041204
514.0,2013041205
514.0,2013041206
514.0,2013041207
514.0,2013041208
514.0,2013041209
514.0,2013041210
514.0,2013041211
514.0,2013041212
514.0,2013041213
514.0,2013041214
514.0,2013041215
514.0,2013041216
514.0,2013041217
514.0,2013041218
514.0,2013041219
514.0,2013041220
514.0,2013041221
514.0,2013041222
514.0,2013041223
514.0,2013041300
514.0,2013041301
514.0,2013041302
514.0,2013041303
514.0,2013041304
514.0,2013041305
514.0,2013041306
514.0,2013041307
514.0,2013041308
514.0,2013041309
514.0,2013041310
514.0,2013041311
514.0,2013041312
514.0,2013041313
514.0,2013041314
514.0,2013041315
514.0,2013041316
514.0,2013041317
514.0,2013041318
514.0,2013041319
514.0,2013041320
514.0,2013041321
514.0,2013041322
514.0,2013041323
514.0,2013041400
514.0,2013041401
514.0,2013041402
514.0,2013041403
514.0,2013041404
514.0,2013041405
514.0,2013041406
514.0,2013041407
514.0,2013041408
514.0,2013041409
514.0,2013041410
514.0,2013041411
514.0,2013041412
514.0,2013041413
514.0,2013041414
514.0,2013041415
514.0,2013041416
514.0,2013041417
514.0,2013041418
514.0,2013041419
514.0,2013041420
514.0,2013041421
514.0,2013041422
514.0,2013041423
514.0,2013041500
514.0,2013041501
514.0,2013041502
514.0,2013041503
514.0,2013041504
514.0,2013041505
514.0,2013041506
514.0,2013041507
514.0,2013041508
514.0,2013041509
514.0,2013041510
514.0,2013041511
514.0,2013041512
514.0,2013041513
514.0,2013041514
514.0,2013041515
514.0,2013041516
514.0,2013041517
514.0,2013041518
514.0,2013041519
514.0,2013041520
514.0,2013041521
514.0,2013041522
514.0,2013041523
514.0,2013041600
514.0,2013041601
514.0,2013041602
514.0,2013041603
514.0,2013041604
514.0,2013041605
514.0,2013041606
514.0,2013041607
514.0,2013041608
514.0,2013041609
514.0,2013041610
514.0,2013041611
514.0,2013041612
514.0,2013041613
514.0,2013041614
514.0,2013041615
514.0,2013041616
514.0,2013041617
514.0,2013041618
514.0,2013041619
514.0,2013041620
514.0,2013041621
514.0,2013041622
514.0,2013041623
514.0,2013041700
514.0,2013041701
514.0,2013041702
514.0,2013041703
514.0,2013041704
514.0,2013041705
514.0,2013041706
514.0,2013041707
514.0,2013041708
514.0,2013041709
514.0,2013041710
514.0,2013041711
514.0,2013041712
514.0,2013041713
514.0,2013041714
514.0,2013041715
514.0,2013041716
514.0,2013041717
514.0,2013041718
514.0,2013041719
514.0,2013041720
514.0,2013041721
514.0,2013041722
514.0,2013041723
514.0,2013041800
514.0,2013041801
514.0,2013041802
514.0,2013041803
514.0,2013041804
514.0,2013041805
514.0,2013041806
514.0,2013041807
514.0,2013041808
514.0,2013041809
514.0,2013041810
514.0,2013041811
514.0,2013041812
514.0,2013041813
514.0,2013041814
514.0,2013041815
514.0,2013041816
514.0,2013041817
514.0,2013041818
514.0,2013041819
514.0,2013041820
514.0,2013041821
514.0,2013041822
514.0,2013041823
514.0,2013041900
514.0,2013041901
514.0,2013041902
514.0,2013041903
514.0,2013041904
514.0,2013041905
514.0,2013041906
514.0,2013041907
514.0,2013041908
514.0,2013041909
514.0,2013041910
514.0,2013041911
514.0,2013041912
514.0,2013041913
514.0,2013041914
514.0,2013041915
514.0,2013041916
514.0,2013041917
514.0,2013041918
514.0,2013041919
514.0,2013041920
514.0,2013041921
514.0,2013041922
514.0,2013041923
514.0,2013042000
514.0,2013042001
514.0,2013042002
514.0,2013042003
514.0,2013042004
514.0,2013042005
514.0,2013042006
514.0,2013042007
514.0,2013042008
514.0,2013042009
514.0,2013042010
514.0,2013042011
514.0,2013042012
514.0,2013042013
514.0,2013042014
514.0,2013042015
514.0,2013042016
514.0,2013042017
514.0,2013042018
514.0,2013042019
514.0,2013042020
514.0,2013042021
514.0,2013042022
514.0,2013042023
514.0,2013042100
514.0,2013042101
514.0,2013042102
514.0,2013042103
514.0,2013042104
514.0,2013042105
514.0,2013042106
514.0,2013042107
514.0,2013042108
514.0,2013042109
514.0,2013042110
514.0,2013042111
514.0,2013042112
514.0,2013042113
514.0,2013042114
514.0,2013042115
514.0,2013042116
514.0,2013042117
514.0,2013042118
514.0,2013042119
514.0,2013042120
514.0,2013042121
514.0,2013042122
514.0,2013042123
514.0,2013042200
514.0,2013042201
514.0,2013042202
514.0,2013042203
514.0,2013042204
514.0,2013042205
514.0,2013042206
514.0,2013042207
514.0,2013042208
514.0,2013042209
514.0,2013042210
514.0,2013042211
514.0,2013042212
514.0,2013042213
514.0,2013042214
514.0,2013042215
514.0,2013042216
514.0,2013042217
514.0,2013042218
514.0,2013042219
514.0,2013042220
514.0,2013042221
514.0,2013042222
514.0,2013042223
514.0,2013042300
514.0,2013042301
514.0,2013042302
514.0,2013042303
514.0,2013042304
514.0,2013042305
514.0,2013042306
514.0,2013042307
514.0,2013042308
514.0,2013042309
514.0,2013042310
514.0,2013042311
514.0,2013042312
514.0,2013042313
514.0,2013042314
514.0,2013042315
514.0,2013042316
514.0,2013042317
514.0,2013042318
514.0,2013042319
514.0,2013042320
514.0,2013042321
514.0,2013042322
514.0,2013042323
515.0,2013042400
517.0,2013042401
518.0,2013042402
520.0,2013042403
522.0,2013042404
523.0,2013042405
525.0,2013042406
527.0,2013042407
529.0,2013042408
531.0,2013042409
533.0,2013042410
536.0,2013042411
538.0,2013042412
540.0,2013042413
543.0,2013042414
545.0,2013042415
548.0,2013042416
550.0,2013042417
553.0,2013042418
556.0,2013042419
559.0,2013042420
562.0,2013042421
565.0,2013042422
569.0,2013042423
572.0,2013042500
576.0,2013042501
579.0,2013042502
583.0,2013042503
587.0,2013042504
609.0,2013042505
638.0,2013042506
676.0,2013042507
720.0,2013042508
727.0,2013042509
737.0,2013042510
629.0,2013042511
569.0,2013042512
505.0,2013042513
501.0,2013042514
407.0,2013042515
438.0,2013042516
384.0,2013042517
388.0,2013042518
384.0,2013042519
384.0,2013042520
384.0,2013042521
384.0,2013042522
384.0,2013042523
388.0,2013042600
394.0,2013042601
406.0,2013042602
427.0,2013042603
450.0,2013042604
467.0,2013042605
479.0,2013042606
482.0,2013042607
493.0,2013042608
482.0,2013042609
463.0,2013042610
449.0,2013042611
441.0,2013042612
448.0,2013042613
461.0,2013042614
465.0,2013042615
463.0,2013042616
461.0,2013042617
460.0,2013042618
459.0,2013042619
459.0,2013042620
459.0,2013042621
460.0,2013042622
461.0,2013042623
462.0,2013042700
463.0,2013042701
463.0,2013042702
464.0,2013042703
465.0,2013042704
465.0,2013042705
466.0,2013042706
466.0,2013042707
467.0,2013042708
467.0,2013042709
467.0,2013042710
467.0,2013042711
468.0,2013042712
468.0,2013042713
468.0,2013042714
468.0,2013042715
468.0,2013042716
468.0,2013042717
468.0,2013042718
468.0,2013042719
468.0,2013042720
468.0,2013042721
468.0,2013042722
468.0,2013042723
468.0,2013042800
468.0,2013042801
468.0,2013042802
468.0,2013042803
468.0,2013042804
468.0,2013042805
468.0,2013042806
468.0,2013042807
468.0,2013042808
468.0,2013042809
468.0,2013042810
468.0,2013042811
468.0,2013042812
468.0,2013042813
468.0,2013042814
468.0,2013042815
468.0,2013042816
468.0,2013042817
468.0,2013042818
468.0,2013042819
468.0,2013042820
468.0,2013042821
468.0,2013042822
468.0,2013042823
468.0,2013042900
468.0,2013042901
468.0,2013042902
468.0,2013042903
468.0,2013042904
468.0,2013042905
468.0,2013042906
468.0,2013042907
468.0,2013042908
468.0,2013042909
468.0,2013042910
468.0,2013042911
468.0,2013042912
468.0,2013042913
468.0,2013042914
468.0,2013042915
468.0,2013042916
468.0,2013042917
468.0,2013042918
468.0,2013042919
468.0,2013042920
468.0,2013042921
468.0,2013042922
468.0,2013042923
468.0,2013043000
468.0,2013043001
468.0,2013043002
468.0,2013043003
468.0,2013043004
468.0,2013043005
468.0,2013043006
468.0,2013043007
468.0,2013043008
468.0,2013043009
468.0,2013043010
468.0,2013043011
468.0,2013043012
468.0,2013043013
468.0,2013043014
468.0,2013043015
468.0,2013043016
468.0,2013043017
468.0,2013043018
468.0,2013043019
468.0,2013043020
468.0,2013043021
468.0,2013043022
468.0,2013043023
468.0,2013050100
468.0,2013050101
468.0,2013050102
468.0,2013050103
468.0,2013050104
468.0,2013050105
468.0,2013050106
468.0,2013050107
468.0,2013050108
468.0,2013050109
468.0,2013050110
468.0,2013050111
468.0,2013050112
468.0,2013050113
468.0,2013050114
468.0,2013050115
468.0,2013050116
468.0,2013050117
468.0,2013050118
468.0,2013050119
468.0,2013050120
468.0,2013050121
468.0,2013050122
468.0,2013050123
468.0,2013050200
468.0,2013050201
468.0,2013050202
468.0,2013050203
468.0,2013050204
468.0,2013050205
468.0,2013050206
468.0,2013050207
468.0,2013050208
468.0,2013050209
468.0,2013050210
468.0,2013050211
468.0,2013050212
468.0,2013050213
468.0,2013050214
468.0,2013050215
468.0,2013050216
468.0,2013050217
468.0,2013050218
468.0,2013050219
468.0,2013050220
468.0,2013050221
468.0,2013050222
468.0,2013050223
468.0,2013050300
468.0,2013050301
468.0,2013050302
468.0,2013050303
468.0,2013050304
468.0,2013050305
468.0,2013050306
468.0,2013050307
468.0,2013050308
468.0,2013050309
468.0,2013050310
468.0,2013050311
468.0,2013050312
468.0,2013050313
468.0,2013050314
468.0,2013050315
468.0,2013050316
468.0,2013050317
468.0,2013050318
468.0,2013050319
468.0,2013050320
468.0,2013050321
468.0,2013050322
468.0,2013050323
468.0,2013050400
468.0,2013050401
468.0,2013050402
468.0,2013050403
468.0,2013050404
468.0,2013050405
468.0,2013050406
468.0,2013050407
468.0,2013050408
468.0,2013050409
468.0,2013050410
468.0,2013050411
468.0,2013050412
468.0,2013050413
468.0,2013050414
468.0,2013050415
468.0,2013050416
468.0,2013050417
468.0,2013050418
468.0,2013050419
468.0,2013050420
468.0,2013050421
468.0,2013050422
468.0,2013050423
468.0,2013050500
468.0,2013050501
468.0,2013050502
468.0,2013050503
468.0,2013050504
468.0,2013050505
468.0,2013050506
468.0,2013050507
468.0,2013050508
468.0,2013050509
468.0,2013050510
468.0,2013050511
468.0,2013050512
468.0,2013050513
468.0,2013050514
468.0,2013050515
468.0,2013050516
468.0,2013050517
468.0,2013050518
468.0,2013050519
468.0,2013050520
468.0,2013050521
468.0,2013050522
468.0,2013050523
468.0,2013050600
468.0,2013050601
468.0,2013050602
468.0,2013050603
468.0,2013050604
468.0,2013050605
468.0,2013050606
468.0,2013050607
468.0,2013050608
468.0,2013050609
468.0,2013050610
468.0,2013050611
468.0,2013050612
468.0,2013050613
468.0,2013050614
468.0,2013050615
468.0,2013050616
468.0,2013050617
468.0,2013050618
468.0,2013050619
468.0,2013050620
468.0,2013050621
468.0,2013050622
468.0,2013050623
468.0,2013050700
468.0,2013050701
468.0,2013050702
468.0,2013050703
468.0,2013050704
468.0,2013050705
468.0,2013050706
468.0,2013050707
468.0,2013050708
468.0,2013050709
468.0,2013050710
468.0,2013050711
468.0,2013050712
468.0,2013050713
468.0,2013050714
468.0,2013050715
468.0,2013050716
468.0,2013050717
468.0,2013050718
468.0,2013050719
468.0,2013050720
468.0,2013050721
468.0,2013050722
468.0,2013050723
468.0,2013050800
468.0,2013050801
468.0,2013050802
468.0,2013050803
468.0,2013050804
468.0,2013050805
468.0,2013050806
468.0,2013050807
468.0,2013050808
468.0,2013050809
468.0,2013050810
468.0,2013050811
468.0,2013050812
468.0,2013050813
468.0,2013050814
468.0,2013050815
468.0,2013050816
468.0,2013050817
468.0,2013050818
468.0,2013050819
468.0,2013050820
468.0,2013050821
468.0,2013050822
468.0,2013050823
468.0,2013050900
468.0,2013050901
468.0,2013050902
468.0,2013050903
468.0,2013050904
468.0,2013050905
468.0,2013050906
468.0,2013050907
468.0,2013050908
468.0,2013050909
468.0,2013050910
468.0,2013050911
468.0,2013050912
468.0,2013050913
468.0,2013050914
468.0,2013050915
468.0,2013050916
468.0,2013050917
468.0,2013050918
468.0,2013050919
468.0,2013050920
468.0,2013050921
468.0,2013050922
468.0,2013050923
468.0,2013051000
468.0,2013051001
468.0,2013051002
468.0,2013051003
468.0,2013051004
468.0,2013051005
468.0,2013051006
468.0,2013051007
468.0,2013051008
468.0,2013051009
468.0,2013051010
468.0,2013051011
468.0,2013051012
468.0,2013051013
468.0,2013051014
468.0,2013051015
468.0,2013051016
468.0,2013051017
468.0,2013051018
468.0,2013051019
468.0,2013051020
468.0,2013051021
468.0,2013051022
468.0,2013051023
468.0,2013051100
468.0,2013051101
468.0,2013051102
468.0,2013051103
468.0,2013051104
468.0,2013051105
468.0,2013051106
468.0,2013051107
468.0,2013051108
468.0,2013051109
468.0,2013051110
468.0,2013051111
468.0,2013051112
468.0,2013051113
468.0,2013051114
468.0,2013051115
468.0,2013051116
468.0,2013051117
468.0,2013051118
468.0,2013051119
468.0,2013051120
468.0,2013051121
468.0,2013051122
468.0,2013051123
468.0,2013051200
468.0,2013051201
468.0,2013051202
468.0,2013051203
468.0,2013051204
468.0,2013051205
468.0,2013051206
468.0,2013051207
468.0,2013051208
468.0,2013051209
468.0,2013051210
468.0,2013051211
468.0,2013051212
468.0,2013051213
468.0,2013051214
468.0,2013051215
468.0,2013051216
468.0,2013051217
468.0,2013051218
468.0,2013051219
468.0,2013051220
468.0,2013051221
468.0,2013051222
468.0,2013051223
468.0,2013051300
468.0,2013051301
468.0,2013051302
468.0,2013051303
468.0,2013051304
468.0,2013051305
468.0,2013051306
468.0,2013051307
468.0,2013051308
468.0,2013051309
468.0,2013051310
468.0,2013051311
468.0,2013051312
468.0,2013051313
468.0,2013051314
468.0,2013051315
468.0,2013051316
468.0,2013051317
468.0,2013051318
468.0,2013051319
468.0,2013051320
468.0,2013051321
468.0,2013051322
468.0,2013051323
468.0,2013051400
468.0,2013051401
468.0,2013051402
468.0,2013051403
468.0,2013051404
468.0,2013051405
468.0,2013051406
468.0,2013051407
468.0,2013051408
468.0,2013051409
468.0,2013051410
468.0,2013051411
468.0,2013051412
468.0,2013051413
468.0,2013051414
468.0,2013051415
468.0,2013051416
468.0,2013051417
468.0,2013051418
468.0,2013051419
468.0,2013051420
468.0,2013051421
468.0,2013051422
468.0,2013051423
468.0,2013051500
468.0,2013051501
468.0,2013051502
468.0,2013051503
468.0,2013051504
468.0,2013051505
468.0,2013051506
468.0,2013051507
468.0,2013051508
468.0,2013051509
468.0,2013051510
468.0,2013051511
468.0,2013051512
468.0,2013051513
468.0,2013051514
468.0,2013051515
468.0,2013051516
468.0,2013051517
468.0,2013051518
468.0,2013051519
468.0,2013051520
468.0,2013051521
468.0,2013051522
468.0,2013051523
468.0,2013051600
468.0,2013051601
468.0,2013051602
468.0,2013051603
468.0,2013051604
468.0,2013051605
468.0,2013051606
468.0,2013051607
468.0,2013051608
468.0,2013051609
468.0,2013051610
468.0,2013051611
468.0,2013051612
468.0,2013051613
468.0,2013051614
468.0,2013051615
468.0,2013051616
468.0,2013051617
468.0,2013051618
468.0,2013051619
468.0,2013051620
468.0,2013051621
468.0,2013051622
468.0,2013051623
468.0,2013051700
468.0,2013051701
468.0,2013051702
468.0,2013051703
468.0,2013051704
468.0,2013051705
468.0,2013051706
468.0,2013051707
468.0,2013051708
468.0,2013051709
468.0,2013051710
468.0,2013051711
468.0,2013051712
468.0,2013051713
468.0,2013051714
468.0,2013051715
468.0,2013051716
468.0,2013051717
468.0,2013051718
468.0,2013051719
468.0,2013051720
468.0,2013051721
468.0,2013051722
468.0,2013051723
468.0,2013051800
468.0,2013051801
468.0,2013051802
468.0,2013051803
468.0,2013051804
468.0,2013051805
468.0,2013051806
468.0,2013051807
468.0,2013051808
468.0,2013051809
468.0,2013051810
468.0,2013051811
468.0,2013051812
468.0,2013051813
468.0,2013051814
468.0,2013051815
468.0,2013051816
468.0,2013051817
468.0,2013051818
468.0,2013051819
468.0,2013051820
468.0,2013051821
468.0,2013051822
468.0,2013051823
468.0,2013051900
468.0,2013051901
468.0,2013051902
468.0,2013051903
468.0,2013051904
468.0,2013051905
468.0,2013051906
468.0,2013051907
468.0,2013051908
468.0,2013051909
468.0,2013051910
468.0,2013051911
468.0,2013051912
468.0,2013051913
468.0,2013051914
468.0,2013051915
468.0,2013051916
468.0,2013051917
468.0,2013051918
468.0,2013051919
468.0,2013051920
468.0,2013051921
468.0,2013051922
468.0,2013051923
468.0,2013052000
468.0,2013052001
468.0,2013052002
468.0,2013052003
468.0,2013052004
468.0,2013052005
468.0,2013052006
468.0,2013052007
468.0,2013052008
468.0,2013052009
468.0,2013052010
468.0,2013052011
468.0,2013052012
468.0,2013052013
468.0,2013052014
468.0,2013052015
468.0,2013052016
468.0,2013052017
468.0,2013052018
468.0,2013052019
468.0,2013052020
468.0,2013052021
468.0,2013052022
468.0,2013052023
468.0,2013052100
468.0,2013052101
468.0,2013052102
468.0,2013052103
468.0,2013052104
468.0,2013052105
468.0,2013052106
468.0,2013052107
468.0,2013052108
468.0,2013052109
468.0,2013052110
468.0,2013052111
468.0,2013052112
468.0,2013052113
468.0,2013052114
468.0,2013052115
468.0,2013052116
468.0,2013052117
468.0,2013052118
468.0,2013052119
468.0,2013052120
468.0,2013052121
468.0,2013052122
468.0,2013052123
468.0,2013052200
468.0,2013052201
468.0,2013052202
468.0,2013052203
468.0,2013052204
468.0,2013052205
468.0,2013052206
468.0,2013052207
468.0,2013052208
468.0,2013052209
468.0,2013052210
468.0,2013052211
468.0,2013052212
468.0,2013052213
468.0,2013052214
468.0,2013052215
468.0,2013052216
468.0,2013052217
468.0,2013052218
468.0,2013052219
468.0,2013052220
468.0,2013052221
468.0,2013052222
468.0,2013052223
468.0,2013052300
468.0,2013052301
468.0,2013052302
468.0,2013052303
468.0,2013052304
468.0,2013052305
468.0,2013052306
468.0,2013052307
468.0,2013052308
468.0,2013052309
468.0,2013052310
468.0,2013052311
468.0,2013052312
468.0,2013052313
468.0,2013052314
468.0,2013052315
468.0,2013052316
468.0,2013052317
468.0,2013052318
468.0,2013052319
468.0,2013052320
468.0,2013052321
468.0,2013052322
468.0,2013052323
468.0,2013052400
468.0,2013052401
468.0,2013052402
468.0,2013052403
468.0,2013052404
468.0,2013052405
468.0,2013052406
468.0,2013052407
468.0,2013052408
468.0,2013052409
468.0,2013052410
468.0,2013052411
468.0,2013052412
468.0,2013052413
468.0,2013052414
468.0,2013052415
468.0,2013052416
468.0,2013052417
468.0,2013052418
468.0,2013052419
468.0,2013052420
468.0,2013052421
468.0,2013052422
468.0,2013052423
468.0,2013052500
468.0,2013052501
468.0,2013052502
468.0,2013052503
468.0,2013052504
468.0,2013052505
468.0,2013052506
468.0,2013052507
468.0,2013052508
468.0,2013052509
468.0,2013052510
468.0,2013052511
468.0,2013052512
468.0,2013052513
468.0,2013052514
468.0,2013052515
468.0,2013052516
468.0,2013052517
468.0,2013052518
468.0,2013052519
468.0,2013052520
468.0,2013052521
468.0,2013052522
468.0,2013052523
468.0,2013052600
468.0,2013052601
468.0,2013052602
468.0,2013052603
468.0,2013052604
468.0,2013052605
468.0,2013052606
468.0,2013052607
468.0,2013052608
468.0,2013052609
468.0,2013052610
468.0,2013052611
468.0,2013052612
468.0,2013052613
468.0,2013052614
468.0,2013052615
468.0,2013052616
468.0,2013052617
468.0,2013052618
468.0,2013052619
468.0,2013052620
468.0,2013052621
468.0,2013052622
468.0,2013052623
468.0,2013052700
468.0,2013052701
468.0,2013052702
468.0,2013052703
468.0,2013052704
468.0,2013052705
468.0,2013052706
468.0,2013052707
468.0,2013052708
468.0,2013052709
468.0,2013052710
468.0,2013052711
468.0,2013052712
468.0,2013052713
468.0,2013052714
468.0,2013052715
468.0,2013052716
468.0,2013052717
468.0,2013052718
468.0,2013052719
468.0,2013052720
468.0,2013052721
468.0,2013052722
468.0,2013052723
468.0,2013052800
468.0,2013052801
468.0,2013052802
468.0,2013052803
468.0,2013052804
468.0,2013052805
468.0,2013052806
468.0,2013052807
468.0,2013052808
468.0,2013052809
468.0,2013052810
468.0,2013052811
468.0,2013052812
468.0,2013052813
468.0,2013052814
468.0,2013052815
468.0,2013052816
468.0,2013052817
468.0,2013052818
468.0,2013052819
468.0,2013052820
468.0,2013052821
468.0,2013052822
468.0,2013052823
468.0,2013052900
468.0,2013052901
468.0,2013052902
468.0,2013052903
468.0,2013052904
468.0,2013052905
468.0,2013052906
468.0,2013052907
468.0,2013052908
468.0,2013052909
468.0,2013052910
468.0,2013052911
468.0,2013052912
468.0,2013052913
468.0,2013052914
468.0,2013052915
468.0,2013052916
468.0,2013052917
468.0,2013052918
468.0,2013052919
468.0,2013052920
468.0,2013052921
468.0,2013052922
468.0,2013052923
468.0,2013053000
468.0,2013053001
468.0,2013053002
468.0,2013053003
468.0,2013053004
468.0,2013053005
468.0,2013053006
468.0,2013053007
468.0,2013053008
468.0,2013053009
468.0,2013053010
468.0,2013053011
468.0,2013053012
468.0,2013053013
468.0,2013053014
468.0,2013053015
468.0,2013053016
468.0,2013053017
468.0,2013053018
468.0,2013053019
468.0,2013053020
468.0,2013053021
468.0,2013053022
468.0,2013053023
468.0,2013053100
468.0,2013053101
468.0,2013053102
468.0,2013053103
468.0,2013053104
468.0,2013053105
468.0,2013053106
468.0,2013053107
468.0,2013053108
468.0,2013053109
468.0,2013053110
468.0,2013053111
468.0,2013053112
468.0,2013053113
468.0,2013053114
468.0,2013053115
468.0,2013053116
468.0,2013053117
468.0,2013053118
468.0,2013053119
468.0,2013053120
468.0,2013053121
468.0,2013053122
468.0,2013053123
468.0,2013060100
468.0,2013060101
468.0,2013060102
468.0,2013060103
468.0,2013060104
468.0,2013060105
468.0,2013060106
468.0,2013060107
468.0,2013060108
468.0,2013060109
468.0,2013060110
468.0,2013060111
468.0,2013060112
468.0,2013060113
468.0,2013060114
468.0,2013060115
468.0,2013060116
468.0,2013060117
468.0,2013060118
468.0,2013060119
468.0,2013060120
468.0,2013060121
468.0,2013060122
468.0,2013060123
468.0,2013060200
468.0,2013060201
468.0,2013060202
468.0,2013060203
468.0,2013060204
468.0,2013060205
468.0,2013060206
468.0,2013060207
468.0,2013060208
468.0,2013060209
468.0,2013060210
468.0,2013060211
468.0,2013060212
468.0,2013060213
468.0,2013060214
468.0,2013060215
468.0,2013060216
468.0,2013060217
468.0,2013060218
468.0,2013060219
468.0,2013060220
468.0,2013060221
468.0,2013060222
468.0,2013060223
468.0,2013060300
468.0,2013060301
468.0,2013060302
468.0,2013060303
468.0,2013060304
468.0,2013060305
468.0,2013060306
468.0,2013060307
468.0,2013060308
468.0,2013060309
468.0,2013060310
468.0,2013060311
468.0,2013060312
468.0,2013060313
468.0,2013060314
468.0,2013060315
468.0,2013060316
468.0,2013060317
468.0,2013060318
468.0,2013060319
468.0,2013060320
468.0,2013060321
468.0,2013060322
468.0,2013060323
468.0,2013060400
468.0,2013060401
468.0,2013060402
468.0,2013060403
468.0,2013060404
468.0,2013060405
468.0,2013060406
468.0,2013060407
468.0,2013060408
468.0,2013060409
468.0,2013060410
468.0,2013060411
468.0,2013060412
468.0,2013060413
468.0,2013060414
468.0,2013060415
468.0,2013060416
468.0,2013060417
468.0,2013060418
468.0,2013060419
468.0,2013060420
468.0,2013060421
468.0,2013060422
468.0,2013060423
468.0,2013060500
468.0,2013060501
468.0,2013060502
468.0,2013060503
468.0,2013060504
468.0,2013060505
468.0,2013060506
468.0,2013060507
468.0,2013060508
468.0,2013060509
468.0,2013060510
468.0,2013060511
468.0,2013060512
468.0,2013060513
468.0,2013060514
468.0,2013060515
468.0,2013060516
468.0,2013060517
468.0,2013060518
468.0,2013060519
468.0,2013060520
468.0,2013060521
468.0,2013060522
468.0,2013060523
468.0,2013060600
468.0,2013060601
468.0,2013060602
468.0,2013060603
468.0,2013060604
468.0,2013060605
468.0,2013060606
468.0,2013060607
468.0,2013060608
468.0,2013060609
468.0,2013060610
468.0,2013060611
468.0,2013060612
468.0,2013060613
468.0,2013060614
468.0,2013060615
468.0,2013060616
468.0,2013060617
468.0,2013060618
468.0,2013060619
468.0,2013060620
468.0,2013060621
468.0,2013060622
468.0,2013060623
468.0,2013060700
468.0,2013060701
468.0,2013060702
468.0,2013060703
468.0,2013060704
468.0,2013060705
468.0,2013060706
468.0,2013060707
468.0,2013060708
468.0,2013060709
468.0,2013060710
468.0,2013060711
468.0,2013060712
468.0,2013060713
468.0,2013060714
468.0,2013060715
468.0,2013060716
468.0,2013060717
468.0,2013060718
468.0,2013060719
468.0,2013060720
468.0,2013060721
468.0,2013060722
468.0,2013060723
468.0,2013060800
468.0,2013060801
468.0,2013060802
468.0,2013060803
468.0,2013060804
468.0,2013060805
468.0,2013060806
468.0,2013060807
468.0,2013060808
468.0,2013060809
468.0,2013060810
468.0,2013060811
468.0,2013060812
468.0,2013060813
468.0,2013060814
468.0,2013060815
468.0,2013060816
468.0,2013060817
468.0,2013060818
468.0,2013060819
468.0,2013060820
468.0,2013060821
468.0,2013060822
468.0,2013060823
468.0,2013060900
468.0,2013060901
468.0,2013060902
468.0,2013060903
468.0,2013060904
468.0,2013060905
468.0,2013060906
468.0,2013060907
468.0,2013060908
468.0,2013060909
468.0,2013060910
468.0,2013060911
468.0,2013060912
468.0,2013060913
468.0,2013060914
468.0,2013060915
468.0,2013060916
468.0,2013060917
468.0,2013060918
468.0,2013060919
468.0,2013060920
468.0,2013060921
468.0,2013060922
468.0,2013060923
468.0,2013061000
468.0,2013061001
468.0,2013061002
468.0,2013061003
468.0,2013061004
468.0,2013061005
468.0,2013061006
468.0,2013061007
468.0,2013061008
468.0,2013061009
468.0,2013061010
468.0,2013061011
468.0,2013061012
468.0,2013061013
468.0,2013061014
468.0,2013061015
468.0,2013061016
468.0,2013061017
468.0,2013061018
468.0,2013061019
468.0,2013061020
468.0,2013061021
468.0,2013061022
468.0,2013061023
468.0,2013061100
468.0,2013061101
468.0,2013061102
468.0,2013061103
468.0,2013061104
468.0,2013061105
468.0,2013061106
468.0,2013061107
468.0,2013061108
468.0,2013061109
468.0,2013061110
468.0,2013061111
468.0,2013061112
468.0,2013061113
468.0,2013061114
468.0,2013061115
468.0,2013061116
468.0,2013061117
468.0,2013061118
468.0,2013061119
468.0,2013061120
468.0,2013061121
468.0,2013061122
468.0,2013061123
468.0,2013061200
468.0,2013061201
468.0,2013061202
468.0,2013061203
468.0,2013061204
468.0,2013061205
468.0,2013061206
468.0,2013061207
468.0,2013061208
468.0,2013061209
468.0,2013061210
468.0,2013061211
468.0,2013061212
468.0,2013061213
468.0,2013061214
468.0,2013061215
468.0,2013061216
468.0,2013061217
468.0,2013061218
468.0,2013061219
468.0,2013061220
468.0,2013061221
468.0,2013061222
468.0,2013061223
468.0,2013061300
468.0,2013061301
468.0,2013061302
468.0,2013061303
468.0,2013061304
468.0,2013061305
468.0,2013061306
468.0,2013061307
468.0,2013061308
468.0,2013061309
468.0,2013061310
468.0,2013061311
468.0,2013061312
468.0,2013061313
468.0,2013061314
468.0,2013061315
468.0,2013061316
468.0,2013061317
468.0,2013061318
468.0,2013061319
468.0,2013061320
468.0,2013061321
468.0,2013061322
468.0,2013061323
468.0,2013061400
468.0,2013061401
468.0,2013061402
468.0,2013061403
468.0,2013061404
468.0,2013061405
468.0,2013061406
468.0,2013061407
468.0,2013061408
468.0,2013061409
468.0,2013061410
468.0,2013061411
468.0,2013061412
468.0,2013061413
468.0,2013061414
468.0,2013061415
468.0,2013061416
468.0,2013061417
468.0,2013061418
468.0,2013061419
468.0,2013061420
468.0,2013061421
468.0,2013061422
468.0,2013061423
468.0,2013061500
468.0,2013061501
468.0,2013061502
468.0,2013061503
468.0,2013061504
468.0,2013061505
468.0,2013061506
468.0,2013061507
468.0,2013061508
468.0,2013061509
468.0,2013061510
468.0,2013061511
468.0,2013061512
468.0,2013061513
468.0,2013061514
468.0,2013061515
468.0,2013061516
468.0,2013061517
468.0,2013061518
468.0,2013061519
468.0,2013061520
468.0,2013061521
468.0,2013061522
468.0,2013061523
468.0,2013061600
468.0,2013061601
468.0,2013061602
468.0,2013061603
468.0,2013061604
468.0,2013061605
468.0,2013061606
468.0,2013061607
468.0,2013061608
468.0,2013061609
468.0,2013061610
468.0,2013061611
468.0,2013061612
468.0,2013061613
468.0,2013061614
468.0,2013061615
468.0,2013061616
468.0,2013061617
468.0,2013061618
468.0,2013061619
468.0,2013061620
468.0,2013061621
468.0,2013061622
468.0,2013061623
468.0,2013061700
468.0,2013061701
468.0,2013061702
468.0,2013061703
468.0,2013061704
468.0,2013061705
468.0,2013061706
468.0,2013061707
468.0,2013061708
468.0,2013061709
468.0,2013061710
468.0,2013061711
468.0,2013061712
468.0,2013061713
468.0,2013061714
468.0,2013061715
468.0,2013061716
468.0,2013061717
468.0,2013061718
468.0,2013061719
468.0,2013061720
468.0,2013061721
468.0,2013061722
468.0,2013061723
468.0,2013061800
468.0,2013061801
468.0,2013061802
468.0,2013061803
468.0,2013061804
468.0,2013061805
468.0,2013061806
468.0,2013061807
468.0,2013061808
468.0,2013061809
468.0,2013061810
468.0,2013061811
468.0,2013061812
468.0,2013061813
468.0,2013061814
468.0,2013061815
468.0,2013061816
468.0,2013061817
468.0,2013061818
468.0,2013061819
468.0,2013061820
468.0,2013061821
468.0,2013061822
468.0,2013061823
468.0,2013061900
468.0,2013061901
468.0,2013061902
468.0,2013061903
468.0,2013061904
468.0,2013061905
468.0,2013061906
468.0,2013061907
468.0,2013061908
468.0,2013061909
468.0,2013061910
468.0,2013061911
468.0,2013061912
468.0,2013061913
468.0,2013061914
468.0,2013061915
468.0,2013061916
468.0,2013061917
468.0,2013061918
468.0,2013061919
468.0,2013061920
468.0,2013061921
468.0,2013061922
468.0,2013061923
468.0,2013062000
468.0,2013062001
468.0,2013062002
468.0,2013062003
468.0,2013062004
468.0,2013062005
468.0,2013062006
468.0,2013062007
468.0,2013062008
468.0,2013062009
468.0,2013062010
468.0,2013062011
468.0,2013062012
468.0,2013062013
468.0,2013062014
468.0,2013062015
468.0,2013062016
468.0,2013062017
468.0,2013062018
468.0,2013062019
468.0,2013062020
468.0,2013062021
468.0,2013062022
468.0,2013062023
468.0,2013062100
468.0,2013062101
468.0,2013062102
468.0,2013062103
468.0,2013062104
468.0,2013062105
468.0,2013062106
468.0,2013062107
468.0,2013062108
468.0,2013062109
468.0,2013062110
468.0,2013062111
468.0,2013062112
468.0,2013062113
468.0,2013062114
468.0,2013062115
468.0,2013062116
468.0,2013062117
468.0,2013062118
468.0,2013062119
468.0,2013062120
468.0,2013062121
468.0,2013062122
468.0,2013062123
468.0,2013062200
468.0,2013062201
468.0,2013062202
468.0,2013062203
468.0,2013062204
468.0,2013062205
468.0,2013062206
468.0,2013062207
468.0,2013062208
468.0,2013062209
468.0,2013062210
468.0,2013062211
468.0,2013062212
468.0,2013062213
468.0,2013062214
468.0,2013062215
468.0,2013062216
468.0,2013062217
468.0,2013062218
468.0,2013062219
468.0,2013062220
468.0,2013062221
468.0,2013062222
468.0,2013062223
468.0,2013062300
468.0,2013062301
468.0,2013062302
468.0,2013062303
468.0,2013062304
468.0,2013062305
468.0,2013062306
468.0,2013062307
468.0,2013062308
468.0,2013062309
468.0,2013062310
468.0,2013062311
468.0,2013062312
468.0,2013062313
468.0,2013062314
468.0,2013062315
468.0,2013062316
468.0,2013062317
468.0,2013062318
468.0,2013062319
468.0,2013062320
468.0,2013062321
468.0,2013062322
468.0,2013062323
468.0,2013062400
468.0,2013062401
468.0,2013062402
468.0,2013062403
468.0,2013062404
468.0,2013062405
468.0,2013062406
468.0,2013062407
468.0,2013062408
468.0,2013062409
468.0,2013062410
468.0,2013062411
468.0,2013062412
468.0,2013062413
468.0,2013062414
468.0,2013062415
468.0,2013062416
468.0,2013062417
468.0,2013062418
468.0,2013062419
468.0,2013062420
468.0,2013062421
468.0,2013062422
468.0,2013062423
468.0,2013062500
468.0,2013062501
468.0,2013062502
468.0,2013062503
468.0,2013062504
468.0,2013062505
468.0,2013062506
468.0,2013062507
468.0,2013062508
468.0,2013062509
468.0,2013062510
468.0,2013062511
468.0,2013062512
468.0,2013062513
468.0,2013062514
468.0,2013062515
468.0,2013062516
468.0,2013062517
468.0,2013062518
468.0,2013062519
468.0,2013062520
468.0,2013062521
468.0,2013062522
468.0,2013062523
468.0,2013062600
468.0,2013062601
468.0,2013062602
468.0,2013062603
468.0,2013062604
468.0,2013062605
468.0,2013062606
468.0,2013062607
468.0,2013062608
468.0,2013062609
468.0,2013062610
468.0,2013062611
468.0,2013062612
468.0,2013062613
468.0,2013062614
468.0,2013062615
468.0,2013062616
468.0,2013062617
468.0,2013062618
468.0,2013062619
468.0,2013062620
468.0,2013062621
468.0,2013062622
468.0,2013062623
468.0,2013062700
468.0,2013062701
468.0,2013062702
468.0,2013062703
468.0,2013062704
468.0,2013062705
468.0,2013062706
468.0,2013062707
468.0,2013062708
468.0,2013062709
468.0,2013062710
468.0,2013062711
468.0,2013062712
468.0,2013062713
468.0,2013062714
468.0,2013062715
468.0,2013062716
468.0,2013062717
468.0,2013062718
468.0,2013062719
468.0,2013062720
468.0,2013062721
468.0,2013062722
468.0,2013062723
468.0,2013062800
468.0,2013062801
468.0,2013062802
468.0,2013062803
468.0,2013062804
468.0,2013062805
468.0,2013062806
468.0,2013062807
468.0,2013062808
468.0,2013062809
468.0,2013062810
468.0,2013062811
468.0,2013062812
468.0,2013062813
468.0,2013062814
468.0,2013062815
468.0,2013062816
468.0,2013062817
468.0,2013062818
468.0,2013062819
468.0,2013062820
468.0,2013062821
468.0,2013062822
468.0,2013062823
468.0,2013062900
468.0,2013062901
468.0,2013062902
468.0,2013062903
468.0,2013062904
468.0,2013062905
468.0,2013062906
468.0,2013062907
468.0,2013062908
468.0,2013062909
468.0,2013062910
468.0,2013062911
468.0,2013062912
468.0,2013062913
468.0,2013062914
468.0,2013062915
468.0,2013062916
468.0,2013062917
468.0,2013062918
468.0,2013062919
468.0,2013062920
468.0,2013062921
468.0,2013062922
468.0,2013062923
468.0,2013063000
468.0,2013063001
468.0,2013063002
468.0,2013063003
468.0,2013063004
468.0,2013063005
468.0,2013063006
468.0,2013063007
468.0,2013063008
468.0,2013063009
468.0,2013063010
468.0,2013063011
468.0,2013063012
468.0,2013063013
468.0,2013063014
468.0,2013063015
468.0,2013063016
468.0,2013063017
468.0,2013063018
468.0,2013063019
468.0,2013063020
468.0,2013063021
468.0,2013063022
468.0,2013063023
468.0,2013070100
468.0,2013070101
468.0,2013070102
468.0,2013070103
468.0,2013070104
468.0,2013070105
468.0,2013070106
468.0,2013070107
468.0,2013070108
468.0,2013070109
468.0,2013070110
468.0,2013070111
468.0,2013070112
468.0,2013070113
468.0,2013070114
468.0,2013070115
468.0,2013070116
468.0,2013070117
468.0,2013070118
468.0,2013070119
468.0,2013070120
468.0,2013070121
468.0,2013070122
468.0,2013070123
468.0,2013070200
468.0,2013070201
468.0,2013070202
468.0,2013070203
468.0,2013070204
468.0,2013070205
468.0,2013070206
468.0,2013070207
468.0,2013070208
468.0,2013070209
468.0,2013070210
468.0,2013070211
468.0,2013070212
468.0,2013070213
468.0,2013070214
468.0,2013070215
468.0,2013070216
468.0,2013070217
468.0,2013070218
468.0,2013070219
468.0,2013070220
468.0,2013070221
468.0,2013070222
468.0,2013070223
468.0,2013070300
468.0,2013070301
468.0,2013070302
468.0,2013070303
468.0,2013070304
468.0,2013070305
468.0,2013070306
468.0,2013070307
468.0,2013070308
468.0,2013070309
468.0,2013070310
468.0,2013070311
468.0,2013070312
468.0,2013070313
468.0,2013070314
468.0,2013070315
468.0,2013070316
468.0,2013070317
468.0,2013070318
468.0,2013070319
468.0,2013070320
468.0,2013070321
468.0,2013070322
468.0,2013070323
468.0,2013070400
468.0,2013070401
468.0,2013070402
468.0,2013070403
468.0,2013070404
468.0,2013070405
468.0,2013070406
468.0,2013070407
468.0,2013070408
468.0,2013070409
468.0,2013070410
468.0,2013070411
468.0,2013070412
468.0,2013070413
468.0,2013070414
468.0,2013070415
468.0,2013070416
468.0,2013070417
468.0,2013070418
468.0,2013070419
468.0,2013070420
468.0,2013070421
468.0,2013070422
468.0,2013070423
468.0,2013070500
468.0,2013070501
468.0,2013070502
468.0,2013070503
468.0,2013070504
468.0,2013070505
468.0,2013070506
468.0,2013070507
468.0,2013070508
468.0,2013070509
468.0,2013070510
468.0,2013070511
468.0,2013070512
468.0,2013070513
468.0,2013070514
468.0,2013070515
468.0,2013070516
468.0,2013070517
468.0,2013070518
468.0,2013070519
468.0,2013070520
468.0,2013070521
468.0,2013070522
468.0,2013070523
468.0,2013070600
468.0,2013070601
468.0,2013070602
468.0,2013070603
468.0,2013070604
468.0,2013070605
468.0,2013070606
468.0,2013070607
468.0,2013070608
468.0,2013070609
468.0,2013070610
468.0,2013070611
468.0,2013070612
468.0,2013070613
468.0,2013070614
468.0,2013070615
468.0,2013070616
468.0,2013070617
468.0,2013070618
468.0,2013070619
468.0,2013070620
468.0,2013070621
468.0,2013070622
468.0,2013070623
468.0,2013070700
468.0,2013070701
468.0,2013070702
468.0,2013070703
468.0,2013070704
468.0,2013070705
468.0,2013070706
468.0,2013070707
468.0,2013070708
468.0,2013070709
468.0,2013070710
468.0,2013070711
468.0,2013070712
468.0,2013070713
468.0,2013070714
468.0,2013070715
468.0,2013070716
468.0,2013070717
468.0,2013070718
468.0,2013070719
468.0,2013070720
468.0,2013070721
468.0,2013070722
468.0,2013070723
468.0,2013070800
468.0,2013070801
468.0,2013070802
468.0,2013070803
468.0,2013070804
468.0,2013070805
468.0,2013070806
468.0,2013070807
468.0,2013070808
468.0,2013070809
468.0,2013070810
468.0,2013070811
468.0,2013070812
468.0,2013070813
468.0,2013070814
468.0,2013070815
468.0,2013070816
468.0,2013070817
468.0,2013070818
468.0,2013070819
468.0,2013070820
468.0,2013070821
468.0,2013070822
468.0,2013070823
468.0,2013070900
468.0,2013070901
468.0,2013070902
468.0,2013070903
468.0,2013070904
468.0,2013070905
468.0,2013070906
468.0,2013070907
468.0,2013070908
468.0,2013070909
468.0,2013070910
468.0,2013070911
468.0,2013070912
468.0,2013070913
468.0,2013070914
468.0,2013070915
468.0,2013070916
468.0,2013070917
468.0,2013070918
468.0,2013070919
468.0,2013070920
468.0,2013070921
468.0,2013070922
468.0,2013070923
468.0,2013071000
468.0,2013071001
468.0,2013071002
468.0,2013071003
468.0,2013071004
468.0,2013071005
468.0,2013071006
468.0,2013071007
468.0,2013071008
468.0,2013071009
468.0,2013071010
468.0,2013071011
468.0,2013071012
468.0,2013071013
468.0,2013071014
468.0,2013071015
468.0,2013071016
468.0,2013071017
468.0,2013071018
468.0,2013071019
468.0,2013071020
468.0,2013071021
468.0,2013071022
468.0,2013071023
468.0,2013071100
468.0,2013071101
468.0,2013071102
468.0,2013071103
468.0,2013071104
468.0,2013071105
468.0,2013071106
468.0,2013071107
468.0,2013071108
468.0,2013071109
468.0,2013071110
468.0,2013071111
468.0,2013071112
468.0,2013071113
468.0,2013071114
468.0,2013071115
468.0,2013071116
468.0,2013071117
468.0,2013071118
468.0,2013071119
468.0,2013071120
468.0,2013071121
468.0,2013071122
468.0,2013071123
468.0,2013071200
468.0,2013071201
468.0,2013071202
468.0,2013071203
468.0,2013071204
468.0,2013071205
468.0,2013071206
468.0,2013071207
468.0,2013071208
468.0,2013071209
468.0,2013071210
468.0,2013071211
468.0,2013071212
468.0,2013071213
468.0,2013071214
468.0,2013071215
468.0,2013071216
468.0,2013071217
468.0,2013071218
468.0,2013071219
468.0,2013071220
468.0,2013071221
468.0,2013071222
468.0,2013071223
468.0,2013071300
468.0,2013071301
468.0,2013071302
468.0,2013071303
468.0,2013071304
468.0,2013071305
468.0,2013071306
468.0,2013071307
468.0,2013071308
468.0,2013071309
468.0,2013071310
468.0,2013071311
468.0,2013071312
468.0,2013071313
468.0,2013071314
468.0,2013071315
468.0,2013071316
468.0,2013071317
468.0,2013071318
468.0,2013071319
468.0,2013071320
468.0,2013071321
468.0,2013071322
468.0,2013071323
468.0,2013071400
468.0,2013071401
468.0,2013071402
468.0,2013071403
468.0,2013071404
468.0,2013071405
468.0,2013071406
468.0,2013071407
468.0,2013071408
468.0,2013071409
468.0,2013071410
468.0,2013071411
468.0,2013071412
468.0,2013071413
468.0,2013071414
468.0,2013071415
468.0,2013071416
468.0,2013071417
468.0,2013071418
468.0,2013071419
468.0,2013071420
468.0,2013071421
468.0,2013071422
468.0,2013071423
468.0,2013071500
468.0,2013071501
468.0,2013071502
468.0,2013071503
468.0,2013071504
468.0,2013071505
468.0,2013071506
468.0,2013071507
468.0,2013071508
468.0,2013071509
468.0,2013071510
468.0,2013071511
468.0,2013071512
468.0,2013071513
468.0,2013071514
468.0,2013071515
468.0,2013071516
468.0,2013071517
468.0,2013071518
468.0,2013071519
468.0,2013071520
468.0,2013071521
468.0,2013071522
468.0,2013071523
468.0,2013071600
468.0,2013071601
468.0,2013071602
468.0,2013071603
468.0,2013071604
468.0,2013071605
468.0,2013071606
468.0,2013071607
468.0,2013071608
468.0,2013071609
468.0,2013071610
468.0,2013071611
468.0,2013071612
468.0,2013071613
468.0,2013071614
468.0,2013071615
468.0,2013071616
468.0,2013071617
468.0,2013071618
468.0,2013071619
468.0,2013071620
468.0,2013071621
468.0,2013071622
468.0,2013071623
468.0,2013071700
468.0,2013071701
468.0,2013071702
468.0,2013071703
468.0,2013071704
468.0,2013071705
468.0,2013071706
468.0,2013071707
468.0,2013071708
468.0,2013071709
468.0,2013071710
468.0,2013071711
468.0,2013071712
468.0,2013071713
468.0,2013071714
468.0,2013071715
468.0,2013071716
468.0,2013071717
468.0,2013071718
468.0,2013071719
468.0,2013071720
468.0,2013071721
468.0,2013071722
468.0,2013071723
468.0,2013071800
468.0,2013071801
468.0,2013071802
468.0,2013071803
468.0,2013071804
468.0,2013071805
468.0,2013071806
468.0,2013071807
468.0,2013071808
468.0,2013071809
468.0,2013071810
468.0,2013071811
468.0,2013071812
468.0,2013071813
468.0,2013071814
468.0,2013071815
468.0,2013071816
468.0,2013071817
468.0,2013071818
468.0,2013071819
468.0,2013071820
468.0,2013071821
468.0,2013071822
468.0,2013071823
468.0,2013071900
468.0,2013071901
468.0,2013071902
468.0,2013071903
468.0,2013071904
468.0,2013071905
468.0,2013071906
468.0,2013071907
468.0,2013071908
468.0,2013071909
468.0,2013071910
468.0,2013071911
468.0,2013071912
468.0,2013071913
468.0,2013071914
468.0,2013071915
468.0,2013071916
468.0,2013071917
468.0,2013071918
468.0,2013071919
468.0,2013071920
468.0,2013071921
468.0,2013071922
468.0,2013071923
468.0,2013072000
468.0,2013072001
468.0,2013072002
468.0,2013072003
468.0,2013072004
468.0,2013072005
468.0,2013072006
468.0,2013072007
468.0,2013072008
468.0,2013072009
468.0,2013072010
468.0,2013072011
468.0,2013072012
468.0,2013072013
468.0,2013072014
468.0,2013072015
468.0,2013072016
468.0,2013072017
468.0,2013072018
468.0,2013072019
468.0,2013072020
468.0,2013072021
468.0,2013072022
468.0,2013072023
468.0,2013072100
468.0,2013072101
468.0,2013072102
468.0,2013072103
468.0,2013072104
468.0,2013072105
468.0,2013072106
468.0,2013072107
468.0,2013072108
468.0,2013072109
468.0,2013072110
468.0,2013072111
468.0,2013072112
468.0,2013072113
468.0,2013072114
468.0,2013072115
468.0,2013072116
468.0,2013072117
468.0,2013072118
468.0,2013072119
468.0,2013072120
468.0,2013072121
468.0,2013072122
468.0,2013072123
468.0,2013072200
468.0,2013072201
468.0,2013072202
468.0,2013072203
468.0,2013072204
468.0,2013072205
468.0,2013072206
468.0,2013072207
468.0,2013072208
468.0,2013072209
468.0,2013072210
468.0,2013072211
468.0,2013072212
468.0,2013072213
468.0,2013072214
468.0,2013072215
468.0,2013072216
468.0,2013072217
468.0,2013072218
468.0,2013072219
468.0,2013072220
468.0,2013072221
468.0,2013072222
468.0,2013072223
468.0,2013072300
468.0,2013072301
468.0,2013072302
468.0,2013072303
468.0,2013072304
468.0,2013072305
468.0,2013072306
468.0,2013072307
468.0,2013072308
468.0,2013072309
468.0,2013072310
468.0,2013072311
468.0,2013072312
468.0,2013072313
468.0,2013072314
468.0,2013072315
468.0,2013072316
468.0,2013072317
468.0,2013072318
468.0,2013072319
468.0,2013072320
468.0,2013072321
468.0,2013072322
468.0,2013072323
468.0,2013072400
468.0,2013072401
468.0,2013072402
468.0,2013072403
468.0,2013072404
468.0,2013072405
468.0,2013072406
468.0,2013072407
468.0,2013072408
468.0,2013072409
468.0,2013072410
468.0,2013072411
468.0,2013072412
468.0,2013072413
468.0,2013072414
468.0,2013072415
468.0,2013072416
468.0,2013072417
468.0,2013072418
468.0,2013072419
468.0,2013072420
468.0,2013072421
468.0,2013072422
468.0,2013072423
468.0,2013072500
468.0,2013072501
468.0,2013072502
468.0,2013072503
468.0,2013072504
468.0,2013072505
468.0,2013072506
468.0,2013072507
468.0,2013072508
468.0,2013072509
468.0,2013072510
468.0,2013072511
468.0,2013072512
468.0,2013072513
468.0,2013072514
468.0,2013072515
468.0,2013072516
468.0,2013072517
468.0,2013072518
468.0,2013072519
468.0,2013072520
468.0,2013072521
468.0,2013072522
468.0,2013072523
468.0,2013072600
468.0,2013072601
468.0,2013072602
468.0,2013072603
468.0,2013072604
468.0,2013072605
468.0,2013072606
468.0,2013072607
468.0,2013072608
468.0,2013072609
468.0,2013072610
468.0,2013072611
468.0,2013072612
468.0,2013072613
468.0,2013072614
468.0,2013072615
468.0,2013072616
468.0,2013072617
468.0,2013072618
468.0,2013072619
468.0,2013072620
468.0,2013072621
468.0,2013072622
468.0,2013072623
468.0,2013072700
468.0,2013072701
468.0,2013072702
468.0,2013072703
468.0,2013072704
468.0,2013072705
468.0,2013072706
468.0,2013072707
468.0,2013072708
468.0,2013072709
468.0,2013072710
468.0,2013072711
468.0,2013072712
468.0,2013072713
468.0,2013072714
468.0,2013072715
468.0,2013072716
468.0,2013072717
468.0,2013072718
468.0,2013072719
468.0,2013072720
468.0,2013072721
468.0,2013072722
468.0,2013072723
468.0,2013072800
468.0,2013072801
468.0,2013072802
468.0,2013072803
468.0,2013072804
468.0,2013072805
468.0,2013072806
468.0,2013072807
468.0,2013072808
468.0,2013072809
468.0,2013072810
468.0,2013072811
468.0,2013072812
468.0,2013072813
468.0,2013072814
468.0,2013072815
468.0,2013072816
468.0,2013072817
468.0,2013072818
468.0,2013072819
468.0,2013072820
468.0,2013072821
468.0,2013072822
468.0,2013072823
468.0,2013072900
468.0,2013072901
468.0,2013072902
468.0,2013072903
468.0,2013072904
468.0,2013072905
468.0,2013072906
468.0,2013072907
468.0,2013072908
468.0,2013072909
468.0,2013072910
468.0,2013072911
468.0,2013072912
468.0,2013072913
468.0,2013072914
468.0,2013072915
468.0,2013072916
468.0,2013072917
468.0,2013072918
468.0,2013072919
468.0,2013072920
468.0,2013072921
468.0,2013072922
468.0,2013072923
468.0,2013073000
468.0,2013073001
468.0,2013073002
468.0,2013073003
468.0,2013073004
468.0,2013073005
468.0,2013073006
468.0,2013073007
468.0,2013073008
468.0,2013073009
468.0,2013073010
468.0,2013073011
468.0,2013073012
468.0,2013073013
468.0,2013073014
468.0,2013073015
468.0,2013073016
468.0,2013073017
468.0,2013073018
468.0,2013073019
468.0,2013073020
468.0,2013073021
468.0,2013073022
468.0,2013073023
468.0,2013073100
468.0,2013073101
468.0,2013073102
468.0,2013073103
468.0,2013073104
468.0,2013073105
468.0,2013073106
468.0,2013073107
468.0,2013073108
468.0,2013073109
468.0,2013073110
468.0,2013073111
468.0,2013073112
468.0,2013073113
468.0,2013073114
468.0,2013073115
468.0,2013073116
468.0,2013073117
468.0,2013073118
468.0,2013073119
468.0,2013073120
468.0,2013073121
468.0,2013073122
468.0,2013073123
